maturity_date,Coupon,Price
10/15/2021,2.875,100.02
10/31/2021,1.25,100.024
10/31/2021,1.5,100.026
10/31/2021,2,100.04
11/15/2021,2,100.064
11/15/2021,2.875,100.094
11/15/2021,8,100.27
11/30/2021,1.5,100.07
11/30/2021,1.75,100.08
11/30/2021,1.875,100.086
12/15/2021,2.625,100.156
12/31/2021,1.625,100.116
12/31/2021,2,100.144
12/31/2021,2.125,100.154
1/15/2022,2.5,100.214
1/31/2022,1.375,100.134
1/31/2022,1.5,100.146
1/31/2022,1.875,100.184
2/15/2022,2,100.222
2/15/2022,2.5,100.28
2/28/2022,1.125,100.136
2/28/2022,1.75,100.216
2/28/2022,1.875,100.234
3/15/2022,2.375,101.006
3/31/2022,0.375,100.05
3/31/2022,1.75,100.262
3/31/2022,1.875,100.282
4/15/2022,2.25,101.046
4/30/2022,0.125,100.012
4/30/2022,1.75,100.306
4/30/2022,1.875,101.006
5/15/2022,1.75,101.006
5/15/2022,2.125,101.082
5/31/2022,0.125,100.012
5/31/2022,1.75,101.03
5/31/2022,1.875,101.054
6/15/2022,1.75,101.05
6/30/2022,0.125,100.012
6/30/2022,1.75,101.074
6/30/2022,2.125,101.162
7/15/2022,1.75,101.092
7/31/2022,0.125,100.012
7/31/2022,1.875,101.146
7/31/2022,2,101.182
8/15/2022,1.5,101.066
8/15/2022,1.625,101.104
8/15/2022,7.25,106.032
8/31/2022,0.125,100.01
8/31/2022,1.625,101.122
8/31/2022,1.875,101.192
9/15/2022,1.5,101.102
9/30/2022,0.125,100.01
9/30/2022,1.75,101.202
9/30/2022,1.875,101.24
10/15/2022,1.375,101.094
10/31/2022,0.125,100.01
10/31/2022,1.875,101.284
10/31/2022,2,102.006
11/15/2022,1.625,101.212
11/15/2022,7.625,108.086
11/30/2022,0.125,99.316
11/30/2022,2,102.046
12/15/2022,1.625,101.246
12/31/2022,0.137,99.31
12/31/2022,2.125,102.136
1/15/2023,1.5,101.232
1/31/2023,0.125,99.302
1/31/2023,1.75,102.03
1/31/2023,2.375,102.294
2/15/2023,1.375,101.206
2/15/2023,2,102.16
2/15/2023,7.125,109.134
2/28/2023,0.125,99.294
2/28/2023,1.5,101.274
2/28/2023,2.625,103.134
3/15/2023,0.5,100.146
3/31/2023,0.125,99.286
3/31/2023,1.5,101.302
3/31/2023,2.5,103.132
4/15/2023,0.25,100.026
4/30/2023,0.125,99.276
4/30/2023,1.625,102.07
4/30/2023,2.75,103.31
5/15/2023,0.125,99.274
5/15/2023,1.75,102.152
5/31/2023,0.125,99.266
5/31/2023,1.625,102.096
5/31/2023,2.75,104.05
6/15/2023,0.25,100.01
6/30/2023,0.125,99.262
6/30/2023,1.375,101.314
6/30/2023,2.625,104.04
7/15/2023,0.125,99.254
7/31/2023,0.125,99.25
7/31/2023,1.25,101.262
7/31/2023,2.75,104.17
8/15/2023,0.125,99.242
8/15/2023,2.5,104.05
8/15/2023,6.25,111.036
8/31/2023,0.125,99.23
8/31/2023,1.375,102.03
8/31/2023,2.75,104.22
9/15/2023,0.125,99.224
9/30/2023,0.25,99.292
9/30/2023,1.375,102.046
9/30/2023,2.875,105.03
10/15/2023,0.125,99.21
10/31/2023,1.625,102.224
10/31/2023,2.875,105.09
11/15/2023,0.25,99.276
11/15/2023,2.75,105.034
11/30/2023,2.125,103.272
11/30/2023,2.875,105.142
12/15/2023,0.125,99.17
12/31/2023,2.25,104.072
12/31/2023,2.625,105.014
1/15/2024,0.125,99.15
1/31/2024,2.5,104.29
2/15/2024,0.125,99.134
2/15/2024,2.75,105.19
2/29/2024,2.125,104.052
2/29/2024,2.375,104.232
3/15/2024,0.25,99.202
3/31/2024,2.125,104.066
4/15/2024,0.375,99.28
4/30/2024,2,104.012
4/30/2024,2.25,104.212
5/15/2024,0.25,99.164
5/15/2024,2.5,105.12
5/31/2024,2,104.032
6/15/2024,0.25,99.136
6/30/2024,1.75,103.16
6/30/2024,2,104.056
7/15/2024,0.375,99.226
7/31/2024,1.75,103.182
7/31/2024,2.125,104.192
8/15/2024,0.375,99.204
8/15/2024,2.375,105.106
8/31/2024,1.25,102.042
8/31/2024,1.875,103.304
9/15/2024,0.375,99.174
9/30/2024,1.5,102.282
9/30/2024,2.125,104.226
10/31/2024,1.5,102.286
10/31/2024,2.25,105.056
11/15/2024,2.25,105.064
11/15/2024,7.5,121.132
11/30/2024,1.5,102.286
11/30/2024,2.125,104.274
12/31/2024,1.75,103.232
12/31/2024,2.25,105.102
1/31/2025,1.375,102.16
1/31/2025,2.5,106.072
2/15/2025,2,104.19
2/15/2025,7.625,123.116
2/28/2025,1.125,101.21
2/28/2025,2.75,107.042
3/31/2025,0.5,99.146
3/31/2025,2.625,106.252
4/30/2025,0.375,98.292
4/30/2025,2.875,107.234
5/15/2025,2.125,105.032
5/31/2025,0.25,98.112
5/31/2025,2.875,107.266
6/30/2025,0.25,98.08
6/30/2025,2.75,107.146
7/31/2025,0.25,98.042
7/31/2025,2.875,108.006
8/15/2025,2,104.24
8/15/2025,6.875,123.11
8/31/2025,0.25,98
8/31/2025,2.75,107.202
9/30/2025,0.25,97.286
9/30/2025,3,108.224
10/31/2025,0.25,97.24
10/31/2025,3,108.254
11/15/2025,2.25,105.254
11/30/2025,0.375,98.04
11/30/2025,2.875,108.116
12/31/2025,0.375,98.006
12/31/2025,2.625,107.13
1/31/2026,0.375,97.284
1/31/2026,2.625,107.154
2/15/2026,1.625,103.062
2/15/2026,6,121.314
2/28/2026,0.5,98.11
2/28/2026,2.5,107.01
3/31/2026,0.75,99.104
3/31/2026,2.25,105.306
4/30/2026,0.75,99.086
4/30/2026,2.375,106.18
5/15/2026,1.625,103.052
5/31/2026,0.75,99.056
5/31/2026,2.125,105.15
6/30/2026,0.875,99.212
6/30/2026,1.875,104.112
7/31/2026,0.625,98.134
7/31/2026,1.875,104.12
8/15/2026,1.5,102.176
8/15/2026,6.75,127.162
8/31/2026,0.75,98.3
8/31/2026,1.375,101.302
9/30/2026,0.875,99.154
9/30/2026,1.625,103.046
10/31/2026,1.625,103.044
11/15/2026,2,104.306
11/15/2026,6.5,127.14
11/30/2026,1.625,103.032
12/31/2026,1.75,103.236
1/31/2027,1.5,102.13
2/15/2027,2.25,106.084
2/15/2027,6.625,129.046
2/28/2027,1.125,100.122
3/31/2027,0.625,97.204
4/30/2027,0.5,96.254
5/15/2027,2.375,106.316
5/31/2027,0.5,96.204
6/30/2027,0.5,96.184
7/31/2027,0.375,95.24
8/15/2027,2.25,106.11
8/15/2027,6.375,129.284
8/31/2027,0.5,96.09
10/31/2027,0.5,96.006
11/15/2027,2.25,106.11
11/15/2027,6.125,129.116
11/30/2027,0.625,96.202
12/31/2027,0.625,96.164
1/31/2028,0.75,97.042
2/15/2028,2.75,109.144
2/29/2028,1.125,99.13
3/31/2028,1.25,100.016
4/30/2028,1.25,99.314
5/15/2028,2.875,110.116
5/31/2028,1.25,99.286
6/30/2028,1.25,99.262
7/31/2028,1,98.032
8/15/2028,2.875,110.164
8/15/2028,5.5,127.262
8/31/2028,1.125,98.274
9/30/2028,1.25,99.186
11/15/2028,3.125,112.124
11/15/2028,5.25,127.022
2/15/2029,2.625,109.026
2/15/2029,5.25,127.204
5/15/2029,2.375,107.122
8/15/2029,1.625,101.28
8/15/2029,6.125,135.262
11/15/2029,1.75,102.256
2/15/2030,1.5,100.22
5/15/2030,0.625,93.112
5/15/2030,6.25,139.136
8/15/2030,0.625,93.016
11/15/2030,0.875,94.29
2/15/2031,1.125,96.276
2/15/2031,5.375,134.18
5/15/2031,1.625,101.052
8/15/2031,1.25,97.166
2/15/2036,4.5,136.21
2/15/2037,4.75,141.026
5/15/2037,5,144.266
2/15/2038,4.375,136.284
5/15/2038,4.5,138.31
2/15/2039,3.5,124.212
5/15/2039,4.25,136.1
8/15/2039,4.5,140.144
11/15/2039,4.375,138.194
2/15/2040,4.625,142.306
5/15/2040,1.125,86.132
5/15/2040,4.375,139.066
8/15/2040,1.125,86.032
8/15/2040,3.875,131.046
11/15/2040,1.375,89.292
11/15/2040,4.25,137.156
2/15/2041,1.875,97.28
2/15/2041,4.75,146.052
5/15/2041,2.25,104.004
5/15/2041,4.375,140.042
8/15/2041,1.75,95.194
8/15/2041,3.75,129.222
11/15/2041,3.125,119.06
2/15/2042,3.125,119.124
5/15/2042,3,117.014
8/15/2042,2.75,112.202
11/15/2042,2.75,112.174
2/15/2043,3.125,119.074
5/15/2043,2.875,114.27
8/15/2043,3.625,128.142
11/15/2043,3.75,130.284
2/15/2044,3.625,128.244
5/15/2044,3.375,124.112
8/15/2044,3.125,119.236
11/15/2044,3,117.156
2/15/2045,2.5,108.026
5/15/2045,3,117.244
8/15/2045,2.875,115.132
11/15/2045,3,117.31
2/15/2046,2.5,108.084
5/15/2046,2.5,108.094
8/15/2046,2.25,103.132
11/15/2046,2.875,115.3
2/15/2047,3,118.182
5/15/2047,3,118.232
8/15/2047,2.75,113.196
11/15/2047,2.75,113.23
2/15/2048,3,119.006
5/15/2048,3.125,121.25
8/15/2048,3,119.086
11/15/2048,3.375,127.162
2/15/2049,3,119.206
5/15/2049,2.875,117.032
8/15/2049,2.25,103.242
11/15/2049,2.375,106.174
2/15/2050,2,98.112
5/15/2050,1.25,81.302
8/15/2050,1.375,84.164
11/15/2050,1.625,89.304
2/15/2051,1.875,95.162
5/15/2051,2.375,106.272
8/15/2051,2,98.114
